id,title,description,link,image_link,price,availability,condition,product_type
herb-keeper,Kräuter-Frischhaltebox,"Eine Acryl-Frischhaltebox mit Wasserreservoir, die Basilikum und Petersilie wochenlang frisch hält statt nur Tage.",https://trovepicks.de/produkt/herb-keeper.html,https://m.media-amazon.com/images/I/71BWglW7M6L._AC_SX425_.jpg,26.13 EUR,in stock,new,Küche
cable-strip,Magnetische Kabelclips (6er-Pack),"Selbstklebende Magnetclips, die Ladekabel griffbereit am Schreibtisch halten — einhändig andocken und lösen.",https://trovepicks.de/produkt/cable-strip.html,https://m.media-amazon.com/images/I/61UGOC37W7L._AC_SY450_.jpg,6.99 EUR,in stock,new,Büro
bt-tracker,Bluetooth-Schlüsselfinder (4er-Pack),"Münzgroße Tags, die Schlüssel, Taschen oder Koffer über Apple „Wo ist?“ oder Google „Mein Gerät finden“ orten.",https://trovepicks.de/produkt/bt-tracker.html,https://m.media-amazon.com/images/I/714uZHoSTCL._AC_SX425_.jpg,38.99 EUR,in stock,new,Technik
packing-cubes,Kompressions-Packwürfel-Set,"Ein 7-teiliges Kompressions-Set aus recycelten Flaschen, das Kleidung um ein Drittel schrumpft — Handgepäck-Reisen funktionieren endlich.",https://trovepicks.de/produkt/packing-cubes.html,https://m.media-amazon.com/images/I/81sYsumXLZL._AC_SY450_.jpg,44.99 EUR,in stock,new,Reisen
trunk-organizer,Faltbarer Kofferraum-Organizer,"Ein faltbarer 65-Liter-Organizer mit Fächern, Gurten und rutschfestem Boden — Schluss mit rutschendem Einkauf.",https://trovepicks.de/produkt/trunk-organizer.html,https://m.media-amazon.com/images/I/81tOvk78l4L._AC_SX425_.jpg,32.29 EUR,in stock,new,Auto-Zubehör
massage-gun,Mini-Massagepistole,Massagepistole im Hosentaschenformat mit genug Power für die komplette Regeneration nach dem Lauf.,https://trovepicks.de/produkt/massage-gun.html,https://m.media-amazon.com/images/I/61tdBTgHA5L._AC_SY355_.jpg,49.99 EUR,in stock,new,Fitness
drawer-dividers,Schubladen-Organizer (25-teilig),"Fünfundzwanzig Einsätze in vier Größen, die sich beliebig kombinieren lassen — für Schreibtisch, Küche oder Schminktisch.",https://trovepicks.de/produkt/drawer-dividers.html,https://m.media-amazon.com/images/I/81xPZ4Mo-rL._AC_SY300_SX300_QL70_ML2_.jpg,14.99 EUR,in stock,new,Ordnung
pry-tool,Schlüsselanhänger-Multitool,"Ein flaches Edelstahl-Tool mit 20 Funktionen: öffnet Kartons und Flaschen, schabt und schraubt — und passt an jeden Schlüsselbund.",https://trovepicks.de/produkt/pry-tool.html,https://m.media-amazon.com/images/I/717EADe2wOL._AC_SX425_.jpg,9.75 EUR,in stock,new,Everyday Carry
smart-bottle,Smarte Trinkflasche,"Eine isolierte 710-ml-Edelstahlflasche, die dein Trinkpensum trackt und dich per App erinnert, wenn du hinterherhinkst.",https://trovepicks.de/produkt/smart-bottle.html,https://m.media-amazon.com/images/I/612-vt5RZSL._AC_SY300_SX300_QL70_ML2_.jpg,49.99 EUR,in stock,new,Smart Gadgets
treat-ball,Selbstrollender Hundeball,Rollt und hüpft von selbst in drei Spielmodi und hält Hunde beschäftigt — wasserdicht und per USB-C aufladbar.,https://trovepicks.de/produkt/treat-ball.html,https://m.media-amazon.com/images/I/7102yH7FuuL._AC_SX425_.jpg,45.95 EUR,in stock,new,Haustiere
sunrise-alarm,Lichtwecker mit Sonnenaufgang,"Wird über 30 Minuten langsam hell wie ein Sonnenaufgang — du bist wach, bevor der Alarm überhaupt klingelt.",https://trovepicks.de/produkt/sunrise-alarm.html,https://m.media-amazon.com/images/I/61R6-9Y-OGL._AC_SX425_.jpg,37.99 EUR,in stock,new,Lifestyle
jar-opener,Einhand-Glasöffner,"Ein griffiger Hebel für jede Deckelgröße — eine Drehung öffnet Gläser, die müde Hände nicht mehr aufbekommen.",https://trovepicks.de/produkt/jar-opener.html,https://m.media-amazon.com/images/I/716EE3A7QxL._AC_SY450_.jpg,19.99 EUR,in stock,new,Küche
laptop-riser,Verstellbarer Laptopständer,"Hebt den Bildschirm auf Augenhöhe, mit 360-Grad-Drehfuß — passt für alle Laptops von 10 bis 15,6 Zoll.",https://trovepicks.de/produkt/laptop-riser.html,https://m.media-amazon.com/images/I/71kLF5M+yNL._AC_SX425_.jpg,16.14 EUR,in stock,new,Büro
travel-adapter,Universal-Reiseadapter,"Ein Adapter für Steckdosen in über 150 Ländern, mit zwei USB-A- und zwei USB-C-Ports für vier Geräte gleichzeitig.",https://trovepicks.de/produkt/travel-adapter.html,https://m.media-amazon.com/images/I/61lIgCzGYaL._AC_SY300_SX300_QL70_ML2_.jpg,15.29 EUR,in stock,new,Reisen
passport-organizer,Reisepass-Organizer mit RFID-Schutz,"Platz für Pässe, Bordkarten und Karten — und blockiert dabei kabelloses Auslesen.",https://trovepicks.de/produkt/passport-organizer.html,https://m.media-amazon.com/images/I/81Khm-osyTL._AC_SY300_SX300_QL70_ML2_.jpg,13.99 EUR,in stock,new,Reisen
rfid-wallet,Slim Wallet mit RFID-Schutz,"Karten und Münzen in einem Etui, schlanker als ein Smartphone — RFID-Schutz inklusive.",https://trovepicks.de/produkt/rfid-wallet.html,https://m.media-amazon.com/images/I/81coE66hm8L._AC_SY450_.jpg,49.90 EUR,in stock,new,Everyday Carry
cat-groomer,Katzen-Eckbürste zur Selbstpflege,"Wird an jeder Wandecke montiert, damit sich die Katze selbst bürstet — während du buchstäblich nichts tust.",https://trovepicks.de/produkt/cat-groomer.html,"https://m.media-amazon.com/images/I/71H2BlaY4uL._SY355_PIbundle-4,TopRight,0,0_AA355SH20_.jpg",17.99 EUR,in stock,new,Haustiere
floating-candles,Schwimmkerzen (20er-Pack),"Elfenbeinfarbene Schwimmkerzen mit 4,5 Stunden Brenndauer — eine Schale Wasser wird zur Tisch- oder Gartendeko.",https://trovepicks.de/produkt/floating-candles.html,https://m.media-amazon.com/images/I/61CEc1bnnDL._AC_SX342_SY445_QL70_ML2_.jpg,5.49 EUR,in stock,new,Zuhause
tower-fan,Leiser Turmventilator mit Fernbedienung,"Oszilliert um 90 Grad, mit 8 Stufen, 4 Modi und 8-Stunden-Timer — leise genug fürs Schlafzimmer.",https://trovepicks.de/produkt/tower-fan.html,https://m.media-amazon.com/images/I/71Fg6Xt6eHL._AC_SY550_.jpg,89.99 EUR,in stock,new,Zuhause
stick-vacuum,Akku-Stielstaubsauger,"Selbststehender Akkusauger mit Anti-Tangle-Bürste, Wandstation und 65 Minuten Laufzeit — für Tierhaare und Hartböden.",https://trovepicks.de/produkt/stick-vacuum.html,https://m.media-amazon.com/images/I/71UKuTuX71L._AC_SY450_.jpg,139.99 EUR,in stock,new,Zuhause
crate-rack,Getränkekistenregal,"Ein zweistöckiges Stahlregal für bis zu sechs Getränkekisten — ordentlich und vom Boden weg, in Küche, Flur oder Keller.",https://trovepicks.de/produkt/crate-rack.html,https://m.media-amazon.com/images/I/81x8oKxmBOL._AC_SY450_.jpg,59.99 EUR,in stock,new,Zuhause
foot-massager,Fußmassagegerät mit Wärme,"Knet-, Roll- und Luftkompressionsmassage mit sanfter Wärme für müde Füße — bis Schuhgröße 46.",https://trovepicks.de/produkt/foot-massager.html,https://m.media-amazon.com/images/I/71VK75hHuVL._AC_SY355_.jpg,120.99 EUR,in stock,new,Zuhause
glass-tumblers,Gerippte Glasbecher mit Deckel (2er-Pack),Zwei 600-ml-Gläser mit auslaufsicherem Deckel und Strohhalm — Eiskaffee und Matcha kommen ohne Kleckern vom Küchentisch an den Schreibtisch.,https://trovepicks.de/produkt/glass-tumblers.html,https://m.media-amazon.com/images/I/71Zda7GYQWL._AC_SL1500_.jpg,17.99 EUR,in stock,new,Küche
bag-sealer,Mini-Folienschweißgerät mit Cutter,"Ein aufladbares 2-in-1-Gerät, das Chips- und Gefrierbeutel in Sekunden verschweißt und die Kante sauber abtrennt — hält per Magnet am Kühlschrank.",https://trovepicks.de/produkt/bag-sealer.html,https://m.media-amazon.com/images/I/71Fxe0VLNKL._AC_SL1500_.jpg,13.39 EUR,in stock,new,Küche
compressed-wipes,Komprimierte Reisetücher (10er-Pack),"Münzgroße Tabs, die mit einem Spritzer Wasser zu vollwertigen Tüchern aufgehen — zehn Stück passen in die Hosentasche, für Festival, Wanderung und Langstreckenflug.",https://trovepicks.de/produkt/compressed-wipes.html,https://m.media-amazon.com/images/I/61hLqk-qHML._AC_SL1500_.jpg,19.01 EUR,in stock,new,Reisen
gnat-trap,Trauermücken-Falle mit UV-Lampe,"Zwei UV-Lampen plus zehn Klebesticker, die Trauermücken aus den Zimmerpflanzen holen — geruchlos, läuft auch im Wohnzimmer.",https://trovepicks.de/produkt/gnat-trap.html,https://m.media-amazon.com/images/I/61kOCOWrT7L._AC_SL1500_.jpg,26.99 EUR,in stock,new,Zuhause
tv-backlight,Govee TV-Hintergrundbeleuchtung 3 Lite,"Ein kameragestützter LED-Streifen, der die Bildfarben an die Wand hinter dem Fernseher spiegelt — per App und Sprache steuerbar, für 55 bis 65 Zoll.",https://trovepicks.de/produkt/tv-backlight.html,https://m.media-amazon.com/images/I/71BcIY2zwJL._AC_SL1500_.jpg,86.99 EUR,in stock,new,Smart Gadgets
portable-projector,Nebula P1 Tragbarer Projektor,"Ein 1080p-Projektor mit abnehmbarem Lautsprecher und Gimbal, der das Bild an jeder Wand automatisch ausrichtet — bis 120 Zoll, mit Tragegriff.",https://trovepicks.de/produkt/portable-projector.html,https://m.media-amazon.com/images/I/813ZVqWCbrL._AC_SL1500_.jpg,699.98 EUR,in stock,new,Technik
ice-cube-tray,Icebreaker Pop Eiswürfelform (3er-Pack),"Auf den Silikonboden drücken und die Würfel springen direkt in den verschlossenen Behälter — ohne das Eis anzufassen, 18 Stück auf Vorrat.",https://trovepicks.de/produkt/ice-cube-tray.html,https://m.media-amazon.com/images/I/81ctIEAiFdL._AC_SL1500_.jpg,44.99 EUR,in stock,new,Küche
ergo-pillow,Ergonomisches Nackenkissen 2-in-1,"Zwei Höhen in einem Memory-Foam-Kissen, geformt für Rücken-, Seiten- und Bauchschläfer — einfach drehen, bis der Nacken Ruhe gibt.",https://trovepicks.de/produkt/ergo-pillow.html,https://m.media-amazon.com/images/I/718ZL7ApAqL._AC_SL1500_.jpg,42.49 EUR,in stock,new,Lifestyle
multiwash-machine,Haier MultiWash Waschmaschine,"Drei getrennte Trommeln (10 + 1 + 1 kg) waschen Hauptwäsche, Feines und eine Schnellladung gleichzeitig — Inverter-Motor, Automatikdosierung und UV-Hygiene.",https://trovepicks.de/produkt/multiwash-machine.html,https://m.media-amazon.com/images/I/61FlUxtEoCL._AC_SL1500_.jpg,599.00 EUR,in stock,new,Zuhause
pet-bottle,Tragbare Trinkflasche für Hunde,"Eine BPA-freie 400-ml-Flasche, deren Deckel sich zum Trinknapf aufklappt — einhändig bedienbar, die Leine bleibt in der anderen Hand.",https://trovepicks.de/produkt/pet-bottle.html,https://m.media-amazon.com/images/I/51r12skhO6L._AC_SL1170_.jpg,16.20 EUR,in stock,new,Haustiere
cordless-vacuum,Shark PowerPro Akku-Staubsauger,"Bis zu 50 Minuten Laufzeit, steht frei ohne Halterung und knickt am Rohr ab, um unter Möbel zu kommen — für Tierhaare auf Teppich und Hartboden.",https://trovepicks.de/produkt/cordless-vacuum.html,https://m.media-amazon.com/images/I/710u2StD7HL._AC_SL1500_.jpg,209.99 EUR,in stock,new,Zuhause
uv-toothbrush-holder,Zahnbürstenhalter mit UV-Desinfektion,"Ein Wandhalter, der zwei Zahnbürsten zwischen den Putzrunden desinfiziert und trocknet — startet per Sensor, eine Ladung hält rund 50 Tage.",https://trovepicks.de/produkt/uv-toothbrush-holder.html,https://m.media-amazon.com/images/I/61oaUG6Qx3L._AC_SL1500_.jpg,31.99 EUR,in stock,new,Zuhause
